<Bindings>
	<Binding name="ARKINV_CONFIG" header="ARKINV" category="ADDONS">
		ArkInventory.Frame_Config_Toggle( )
	</Binding>
	<Binding name="ARKINV_TOGGLE_BAG" category="ADDONS">
		ArkInventory.Frame_Main_Toggle( ArkInventory.Const.Location.Bag )
	</Binding>
	<Binding name="ARKINV_TOGGLE_BANK" category="ADDONS">
		ArkInventory.Frame_Main_Toggle( ArkInventory.Const.Location.Bank )
	</Binding>
	<Binding name="ARKINV_TOGGLE_MAIL" category="ADDONS">
		ArkInventory.Frame_Main_Toggle( ArkInventory.Const.Location.Mail )
	</Binding>
	<Binding name="ARKINV_TOGGLE_WEARING" category="ADDONS">
		ArkInventory.Frame_Main_Toggle( ArkInventory.Const.Location.Wearing )
	</Binding>
	<Binding name="ARKINV_TOGGLE_EDIT" category="ADDONS">
		ArkInventory.Frame_Main_Show( ArkInventory.Const.Location.Bag )
		ArkInventory.ToggleEditMode( )
	</Binding>
	<Binding name="ARKINV_REFRESH" category="ADDONS">
		ArkInventory.Frame_Main_Generate( nil, ArkInventory.Const.Window.Draw.Recalculate )
	</Binding>
	<Binding name="ARKINV_RELOAD" category="ADDONS">
		ArkInventory.ItemCacheClear( )
		ArkInventory.Frame_Main_Generate( nil, ArkInventory.Const.Window.Draw.Recalculate )
	</Binding>
	<Binding name="ARKINV_RESTACK" category="ADDONS">
		ArkInventory.Restack( ArkInventory.Const.Location.Bag )
	</Binding>
	<Binding name="ARKINV_TOGGLE_RULES" category="ADDONS">
		ArkInventory.Frame_Rules_Toggle( )
	</Binding>
	<Binding name="ARKINV_TOGGLE_SEARCH" category="ADDONS">
		ArkInventory.Search.Frame_Toggle( )
	</Binding>
</Bindings>
